{
  "baseline": {
    "accuracy": 0.6875,
    "macro_f1": 0.6763581008810279,
    "weighted_f1": 0.6868861642354662,
    "normal_f1": 0.7433414043583535,
    "offensive_f1": 0.5301418439716312,
    "hatespeech_f1": 0.755591054313099,
    "harmful_subset_f1": 0.4706486719895904,
    "binary_f1": 0.8218487394957983,
    "confusion_matrix": [
      [
        614,
        165,
        56
      ],
      [
        159,
        299,
        111
      ],
      [
        44,
        95,
        473
      ]
    ]
  },
  "ablation": {
    "accuracy": 0.6800595238095238,
    "macro_f1": 0.6589082407156411,
    "weighted_f1": 0.670922567615756,
    "normal_f1": 0.7357142857142858,
    "offensive_f1": 0.4939516129032258,
    "hatespeech_f1": 0.7470588235294118,
    "harmful_subset_f1": 0.4555433956528348,
    "binary_f1": 0.8112244897959183,
    "confusion_matrix": [
      [
        618,
        132,
        85
      ],
      [
        169,
        245,
        155
      ],
      [
        58,
        46,
        508
      ]
    ]
  },
  "proposed": {
    "accuracy": 0.6929563492063492,
    "macro_f1": 0.6821569000725322,
    "weighted_f1": 0.6919231294810488,
    "normal_f1": 0.7424867413081909,
    "offensive_f1": 0.5371530886302597,
    "hatespeech_f1": 0.7668308702791461,
    "harmful_subset_f1": 0.4743828348949643,
    "binary_f1": 0.8128479657387581,
    "confusion_matrix": [
      [
        630,
        163,
        42
      ],
      [
        172,
        300,
        97
      ],
      [
        60,
        85,
        467
      ]
    ]
  }
}